transaction_date,balance
2018-05-03,-2486.3
2018-05-04,1722.12
2018-05-05,1722.12
2018-05-06,1722.12
2018-05-07,1982.5299999999997
2018-05-08,1887.5299999999997
2018-05-09,-417.47000000000025
2018-05-10,-417.47000000000025
2018-05-11,-375.6300000000002
2018-05-12,-375.6300000000002
2018-05-13,-375.6300000000002
2018-05-14,-400.6300000000002
2018-05-15,-5222.75
2018-05-16,-4929.75
2018-05-17,-4797.19
2018-05-18,-7652.83
2018-05-19,-7652.83
2018-05-20,-7652.83
2018-05-21,-7652.83
2018-05-22,-7354.32
2018-05-23,-8439.369999999999
2018-05-24,-8439.369999999999
2018-05-25,-8310.39
2018-05-26,-8310.39
2018-05-27,-8310.39
2018-05-28,-8278.74
2018-05-29,-8278.74
2018-05-30,-8273.74
2018-05-31,-16736.55
2018-06-01,-14739.84
2018-06-02,-14739.84
2018-06-03,-14739.84
2018-06-04,-12203.68
2018-06-05,-12387.52
2018-06-06,-12333.35
2018-06-07,-8761.59
2018-06-08,-8746.12
2018-06-09,-8746.12
2018-06-10,-8746.12
2018-06-11,-8022.570000000001
2018-06-12,-8022.570000000001
2018-06-13,-8022.570000000001
2018-06-14,-10722.57
2018-06-15,-15582.29
2018-06-16,-15582.29
2018-06-17,-15582.29
2018-06-18,-16522.38
2018-06-19,-17052.84
2018-06-20,-13112.470000000001
2018-06-21,-13022.6
2018-06-22,-12948.94
2018-06-23,-12948.94
2018-06-24,-12948.94
2018-06-25,-15168.630000000001
2018-06-26,-14998.630000000001
2018-06-27,-14976.210000000001
2018-06-28,-13068.890000000001
2018-06-29,-20081.84
2018-06-30,-20081.84
2018-07-01,-20081.84
2018-07-02,-20081.84
2018-07-03,-17011.04
2018-07-04,-12924.69
2018-07-05,-12845.380000000001
2018-07-06,-12831.380000000001
2018-07-07,-12831.380000000001
2018-07-08,-12831.380000000001
2018-07-09,-7506.330000000001
2018-07-10,-9428.640000000001
2018-07-11,-9349.54
2018-07-12,-10180.04
2018-07-13,-15232.1
2018-07-14,-15232.1
2018-07-15,-15232.1
2018-07-16,-18007.98
2018-07-17,-18022.03
2018-07-18,-17978.19
2018-07-19,-17828.969999999998
2018-07-20,-17848.969999999998
2018-07-21,-17848.969999999998
2018-07-22,-17848.969999999998
2018-07-23,-17834.019999999997
2018-07-24,-17092.529999999995
2018-07-25,-17092.529999999995
2018-07-26,-19282.529999999995
2018-07-27,-19252.439999999995
2018-07-28,-19252.439999999995
2018-07-29,-19252.439999999995
2018-07-30,-18543.989999999994
2018-07-31,-23749.079999999994
2018-08-01,-23652.429999999993
2018-08-02,-23167.43999999999
2018-08-03,-24119.569999999992
2018-08-04,-24119.569999999992
2018-08-05,-24119.569999999992
2018-08-06,-21786.549999999992
2018-08-07,-18950.519999999993
2018-08-08,-18950.519999999993
2018-08-09,-19156.519999999993
2018-08-10,-18950.659999999993
2018-08-11,-18950.659999999993
2018-08-12,-18950.659999999993
2018-08-13,-17608.379999999994
2018-08-14,-17608.379999999994
2018-08-15,-22790.309999999994
2018-08-16,-22586.309999999994
2018-08-17,-21963.239999999994
2018-08-18,-21963.239999999994
2018-08-19,-21963.239999999994
2018-08-20,-21987.029999999995
2018-08-21,-21977.519999999997
2018-08-22,-21977.109999999997
2018-08-23,-21962.159999999996
2018-08-24,-21960.559999999998
2018-08-25,-21960.559999999998
2018-08-26,-21960.559999999998
2018-08-27,-19626.559999999998
2018-08-28,-20535.55
2018-08-29,-20695.55
2018-08-30,-23145.55
2018-08-31,-28330.64
2018-09-01,-28330.64
2018-09-02,-28330.64
2018-09-03,-28330.64
2018-09-04,-20798.309999999998
2018-09-05,-20774.309999999998
2018-09-06,-21931.309999999998
2018-09-07,-21789.309999999998
2018-09-08,-21789.309999999998
2018-09-09,-21789.309999999998
2018-09-10,-21469.309999999998
2018-09-11,-21454.309999999998
2018-09-12,-21454.309999999998
2018-09-13,-21454.309999999998
2018-09-14,-26239.64
2018-09-15,-26239.64
2018-09-16,-26239.64
2018-09-17,-26942.79
2018-09-18,-26605.95
2018-09-19,-26576.530000000002
2018-09-20,-26552.06
2018-09-21,-26521.16
2018-09-22,-26521.16
2018-09-23,-26521.16
2018-09-24,-26456.95
2018-09-25,-26603.58
2018-09-26,-25693.690000000002
2018-09-27,-28073.690000000002
2018-09-28,-33198.53
2018-09-29,-33198.53
2018-09-30,-33198.53
2018-10-01,-31362.31
2018-10-02,-27503.32
2018-10-03,-27025.34
2018-10-04,-24288.989999999998
2018-10-05,-25455.8
2018-10-06,-25449.469999999998
2018-10-07,-25449.469999999998
2018-10-08,-24949.469999999998
2018-10-09,-22671.219999999998
2018-10-10,-20229.219999999998
2018-10-11,-20229.219999999998
2018-10-12,-19676.339999999997
2018-10-13,-19676.339999999997
2018-10-14,-19676.339999999997
2018-10-15,-26695.46
2018-10-16,-27603.44
2018-10-17,-27443.329999999998
2018-10-18,-27451.769999999997
2018-10-19,-27256.67
2018-10-20,-27224.01
2018-10-21,-28067.01
2018-10-22,-13057.009999999998
2018-10-23,-12981.259999999998
2018-10-24,-12981.259999999998
2018-10-25,-13333.899999999998
2018-10-26,-13127.949999999997
2018-10-27,-13127.949999999997
2018-10-28,-13127.949999999997
2018-10-29,-12992.719999999998
2018-10-30,-12097.669999999998
2018-10-31,-16647.409999999996
2018-11-01,15769.710000000003
2018-11-02,19170.83
2018-11-03,19170.83
2018-11-04,19170.83
2018-11-05,20483.74
2018-11-06,20893.300000000003
2018-11-07,28090.840000000004
2018-11-08,29559.380000000005
2018-11-09,29569.930000000004
2018-11-10,29569.930000000004
2018-11-11,29569.930000000004
2018-11-12,29569.930000000004
2018-11-13,30220.260000000006
2018-11-14,29019.670000000006
2018-11-15,23933.700000000004
2018-11-16,23968.290000000005
2018-11-17,23921.870000000006
2018-11-18,24905.270000000008
2018-11-19,24296.06000000001
2018-11-20,19541.320000000007
2018-11-21,101419.1
2018-11-22,101783.90000000001
2018-11-23,102132.35
2018-11-24,102132.35
2018-11-25,102132.35
2018-11-26,101862.44
2018-11-27,101862.44
2018-11-28,101887.44
2018-11-29,101887.44
2018-11-30,96944.55
2018-12-01,133886.55
2018-12-02,139886.55
2018-12-03,139495.9
2018-12-04,140244.02
2018-12-05,140382.83
2018-12-06,147939.50999999998
2018-12-07,160337.80999999997
2018-12-08,160337.80999999997
2018-12-09,160337.80999999997
2018-12-10,160325.59999999998
2018-12-11,161007.66999999998
2018-12-12,160957.66999999998
2018-12-13,161143.15
2018-12-14,157346.56
2018-12-15,157346.56
2018-12-16,157346.56
2018-12-17,154895.0
2018-12-18,156355.67
2018-12-19,156577.90000000002
2018-12-20,150071.17
2018-12-21,239296.59000000003
2018-12-22,239691.79000000004
2018-12-23,239691.79000000004
2018-12-24,239419.76000000004
2018-12-25,239419.76000000004
2018-12-26,239419.76000000004
2018-12-27,242637.73000000004
2018-12-28,244770.74000000005
2018-12-29,244770.74000000005
2018-12-30,244770.74000000005
2018-12-31,278633.51000000007
2019-01-01,285133.51000000007
2019-01-02,288538.05000000005
2019-01-03,286054.30000000005
2019-01-04,289282.26000000007
2019-01-05,289282.26000000007
2019-01-06,295782.26000000007
2019-01-07,299645.4000000001
2019-01-08,299669.7800000001
2019-01-09,299683.5500000001
2019-01-10,299683.5500000001
2019-01-11,299726.6000000001
2019-01-12,299726.6000000001
2019-01-13,299726.6000000001
2019-01-14,299820.4100000001
2019-01-15,287860.0500000001
2019-01-16,291611.9500000001
2019-01-17,294763.03000000014
2019-01-18,295098.18000000017
2019-01-19,290618.68000000017
2019-01-20,379668.68000000017
2019-01-21,377471.68000000017
2019-01-22,376641.92000000016
2019-01-23,376688.37000000017
2019-01-24,376738.37000000017
2019-01-25,376534.34000000014
2019-01-26,376534.34000000014
2019-01-27,376534.34000000014
2019-01-28,376942.8100000001
2019-01-29,376999.1800000001
2019-01-30,417046.9100000001
2019-01-31,418466.4600000001
2019-02-01,420297.3500000001
2019-02-02,420297.3500000001
2019-02-03,420379.6400000001
2019-02-04,423474.5800000001
2019-02-05,431240.37000000005
2019-02-06,431284.56000000006
2019-02-07,434267.74000000005
2019-02-08,434433.31000000006
2019-02-09,434433.31000000006
2019-02-10,434433.31000000006
2019-02-11,432139.57000000007
2019-02-12,433086.1500000001
2019-02-13,433107.1500000001
2019-02-14,433107.1500000001
2019-02-15,428335.26000000007
2019-02-16,429676.26000000007
2019-02-17,429933.2100000001
2019-02-18,423702.8000000001
2019-02-19,531963.4000000001
2019-02-20,532586.6500000001
2019-02-21,532595.9400000002
2019-02-22,532702.2000000002
2019-02-23,532702.2000000002
2019-02-24,532702.2000000002
2019-02-25,532319.1600000001
2019-02-26,532238.0200000001
2019-02-27,532886.4300000002
2019-02-28,527893.6700000002
2019-03-01,576507.8200000002
2019-03-02,583507.8200000002
2019-03-03,583507.8200000002
2019-03-04,585658.2600000001
2019-03-05,585694.5400000002
2019-03-06,585705.5600000002
2019-03-07,595265.1500000001
2019-03-08,595310.4000000001
2019-03-09,595310.4000000001
2019-03-10,595310.4000000001
2019-03-11,593048.1600000001
2019-03-12,591851.1900000002
2019-03-13,591965.8800000001
2019-03-14,591965.8800000001
2019-03-15,587060.8700000001
2019-03-16,587060.8700000001
2019-03-17,586993.3500000001
2019-03-18,587750.1200000001
2019-03-19,589345.8200000001
2019-03-20,582957.2100000001
2019-03-21,692388.3
2019-03-22,692884.25
2019-03-23,692884.25
2019-03-24,692884.25
2019-03-25,692563.54
2019-03-26,692634.39
2019-03-27,679943.09
2019-03-28,680073.25
2019-03-29,675070.8
2019-03-30,675070.8
2019-03-31,724326.8
2019-04-01,734342.27
2019-04-02,734443.0700000001
2019-04-03,733781.54
2019-04-04,737965.17
2019-04-05,737325.4800000001
2019-04-06,744825.4800000001
2019-04-07,744825.4800000001
2019-04-08,745694.68
2019-04-09,746219.3500000001
2019-04-10,747785.1900000001
2019-04-11,747797.2100000001
2019-04-12,747797.2100000001
2019-04-13,747797.2100000001
2019-04-14,747797.2100000001
2019-04-15,741549.4700000001
2019-04-16,742384.5200000001
2019-04-17,744053.1500000001
2019-04-18,745259.3400000001
2019-04-19,738936.8400000001
2019-04-20,848536.8400000001
2019-04-21,849023.2400000001
2019-04-22,849329.1900000001
2019-04-23,849360.4900000001
2019-04-24,849442.8200000001
2019-04-25,849024.3300000001
2019-04-26,849080.91
2019-04-27,849080.91
2019-04-28,849080.91
2019-04-29,852333.42
2019-04-30,898753.14
2019-05-01,908291.92
2019-05-02,909953.25
2019-05-03,909078.09
2019-05-04,909179.37
2019-05-05,909179.37
2019-05-06,921761.64
2019-05-07,923514.06
2019-05-08,924553.79
2019-05-09,924524.3400000001
2019-05-10,924573.5700000001
2019-05-11,924573.5700000001
2019-05-12,924573.5700000001
2019-05-13,925200.6200000001
2019-05-14,925338.0100000001
2019-05-15,920755.7200000001
2019-05-16,924039.6500000001
2019-05-17,923661.7700000001
2019-05-18,923911.0500000002
2019-05-19,917167.0500000002
2019-05-20,1026767.0500000002
2019-05-21,1026563.6300000001
2019-05-22,1026563.6300000001
2019-05-23,1026713.9700000001
2019-05-24,1026868.1400000001
2019-05-25,1026868.1400000001
2019-05-26,1026868.1400000001
2019-05-27,1026566.4700000001
2019-05-28,1026880.6300000001
2019-05-29,1026968.7700000001
2019-05-30,1076050.08
2019-05-31,1079149.54
2019-06-01,1079149.54
2019-06-02,1079149.54
2019-06-03,1082014.45
2019-06-04,1083360.3
2019-06-05,1091572.8900000001
2019-06-06,1091515.05
2019-06-07,1091536.36
2019-06-08,1091536.36
2019-06-09,1091536.36
2019-06-10,1091872.2300000002
2019-06-11,1091933.2900000003
2019-06-12,1092170.4600000002
2019-06-13,1092170.4600000002
2019-06-14,1086939.0200000003
2019-06-15,1086871.5000000002
2019-06-16,1088301.9000000001
2019-06-17,1089717.2000000002
2019-06-18,1084915.58
2019-06-19,1194602.1500000001
2019-06-20,1195144.7000000002
2019-06-21,1195169.6800000002
2019-06-22,1195169.6800000002
2019-06-23,1195169.6800000002
2019-06-24,1193729.6600000001
2019-06-25,1191079.6600000001
2019-06-26,1191360.54
2019-06-27,1191630.61
2019-06-28,1186736.62
2019-06-29,1235992.62
2019-06-30,1243492.62
2019-07-01,1243492.62
2019-07-02,1244257.01
2019-07-03,1244348.14
2019-07-04,1248920.67
2019-07-05,1255839.5
2019-07-06,1255839.5
2019-07-07,1255839.5
2019-07-08,1258450.5
2019-07-09,1258482.86
2019-07-10,1258501.12
2019-07-11,1258501.12
2019-07-12,1258290.07
2019-07-13,1258290.07
2019-07-14,1258290.07
2019-07-15,1254169.05
2019-07-16,1255961.22
2019-07-17,1256245.8699999999
2019-07-18,1254474.18
2019-07-19,1364083.6199999999
2019-07-20,1364570.0199999998
2019-07-21,1364570.0199999998
2019-07-22,1362885.4899999998
2019-07-23,1360413.4099999997
2019-07-24,1359939.4099999997
2019-07-25,1357504.9399999997
2019-07-26,1357317.9399999997
2019-07-27,1357317.9399999997
2019-07-28,1357317.9399999997
2019-07-29,1407190.2199999997
2019-07-30,1416242.0799999998
2019-07-31,1402840.7699999998
2019-08-01,1407920.1499999997
2019-08-02,1405034.7999999996
2019-08-03,1405034.7999999996
2019-08-04,1413034.7999999996
2019-08-05,1415521.9299999995
2019-08-06,1415562.2199999995
2019-08-07,1416308.8399999996
2019-08-08,1414808.8399999996
2019-08-09,1414607.5499999996
2019-08-10,1414607.5499999996
2019-08-11,1414607.5499999996
2019-08-12,1413243.1599999997
2019-08-13,1416214.7299999997
2019-08-14,1416301.4299999997
2019-08-15,1372052.7499999998
2019-08-16,1372368.7599999998
2019-08-17,1365546.2599999998
2019-08-18,1475146.2599999998
2019-08-19,1475934.13
2019-08-20,1476320.8199999998
2019-08-21,1473820.8199999998
2019-08-22,1471690.8199999998
2019-08-23,1469196.8699999999
2019-08-24,1469196.8699999999
2019-08-25,1469196.8699999999
2019-08-26,1464954.5499999998
2019-08-27,1468122.7399999998
2019-08-28,1517647.0799999998
2019-08-29,1524120.69
2019-08-30,1518276.42
2019-08-31,1518276.42
2019-09-01,1518377.7
2019-09-02,1518377.7
2019-09-03,1506711.3399999999
2019-09-04,1511144.15
2019-09-05,1511264.24
2019-09-06,1511330.53
2019-09-07,1511330.53
2019-09-08,1511330.53
2019-09-09,1511435.6400000001
2019-09-10,1512884.6400000001
2019-09-11,1513033.9700000002
2019-09-12,1512533.9700000002
2019-09-13,1507484.2400000002
2019-09-14,1508914.6400000001
2019-09-15,1509175.9200000002
2019-09-16,1504214.86
2019-09-17,1614967.2200000002
2019-09-18,1612964.6700000002
2019-09-19,1612577.5200000003
2019-09-20,1612844.8700000003
2019-09-21,1612844.8700000003
2019-09-22,1612844.8700000003
2019-09-23,1612672.2300000004
2019-09-24,1614158.5100000005
2019-09-25,1614175.3300000005
2019-09-26,1611885.5100000005
2019-09-27,1663392.0100000005
2019-09-28,1671392.0100000005
2019-09-29,1671392.0100000005
2019-09-30,1667157.2800000005
2019-10-01,1671395.9200000004
2019-10-02,1669679.2700000005
2019-10-03,1676489.4300000004
2019-10-04,1680657.8100000003
2019-10-05,1680657.8100000003
2019-10-06,1680657.8100000003
2019-10-07,1677101.4900000002
2019-10-08,1679996.2700000003
2019-10-09,1679996.2700000003
2019-10-10,1679983.0800000003
2019-10-11,1679992.1700000004
2019-10-12,1679992.1700000004
2019-10-13,1679924.6500000004
2019-10-14,1681355.0500000003
2019-10-15,1676670.7000000002
2019-10-16,1669718.4400000002
2019-10-17,1746146.8000000003
2019-10-18,1746674.3100000003
2019-10-19,1746674.3100000003
2019-10-20,1746674.3100000003
2019-10-21,1746829.7700000003
2019-10-22,1748876.5300000003
2019-10-23,1748904.4500000002
2019-10-24,1749565.7700000003
2019-10-25,1746951.9300000002
2019-10-26,1746951.9300000002
2019-10-27,1796207.9300000002
2019-10-28,1806417.0500000003
2019-10-29,1806889.0100000002
2019-10-30,1806919.7600000002
2019-10-31,1801842.2900000003
2019-11-01,1804369.0800000003
2019-11-02,1812369.0800000003
2019-11-03,1812369.0800000003
2019-11-04,1811902.8200000003
2019-11-05,1814181.7600000002
2019-11-06,1814369.7600000002
2019-11-07,1814374.9100000001
2019-11-08,1814374.9100000001
2019-11-09,1814374.9100000001
2019-11-10,1814374.9100000001
2019-11-11,1814374.9100000001
2019-11-12,1811080.36
2019-11-13,1812527.35
2019-11-14,1812808.86
2019-11-15,1801567.79
2019-11-16,1911167.79
2019-11-17,1911654.19
2019-11-18,1911027.71
2019-11-19,1912616.58
2019-11-20,1912798.6400000001
2019-11-21,1912798.6400000001
2019-11-22,1912830.3900000001
2019-11-23,1912830.3900000001
2019-11-24,1912830.3900000001
2019-11-25,1909852.6900000002
2019-11-26,1956419.6500000001
2019-11-27,1967428.58
2019-11-28,1967545.01
2019-11-29,1962260.95
2019-11-30,1962355.9
2019-12-01,1962355.9
2019-12-02,1972482.0499999998
2019-12-03,1971239.9799999997
2019-12-04,1974584.6399999997
2019-12-05,1974571.8699999996
2019-12-06,1974106.3899999997
2019-12-07,1974106.3899999997
2019-12-08,1974106.3899999997
2019-12-09,1975308.7499999998
2019-12-10,1975468.7999999998
2019-12-11,1974797.1099999999
2019-12-12,1974936.89
2019-12-13,1970873.6099999999
2019-12-14,1971122.89
2019-12-15,1964878.89
2019-12-16,2074079.2999999998
2019-12-17,2076066.7599999998
2019-12-18,2076066.7599999998
2019-12-19,2076116.4199999997
2019-12-20,2076198.7099999997
2019-12-21,2076198.7099999997
2019-12-22,2076198.7099999997
2019-12-23,2076544.5499999998
2019-12-24,2077272.0199999998
2019-12-25,2077272.0199999998
2019-12-26,2126028.0199999996
2019-12-27,2132003.3599999994
2019-12-28,2132003.3599999994
2019-12-29,2132003.3599999994
2019-12-30,2127100.5599999996
2019-12-31,2128333.28
2020-01-01,2136333.28
2020-01-02,2133737.3099999996
2020-01-03,2134035.5799999996
2020-01-04,2134035.5799999996
2020-01-05,2134035.5799999996
2020-01-06,2138218.2299999995
2020-01-07,2139039.9099999997
2020-01-08,2139039.9099999997
2020-01-09,2139049.9099999997
2020-01-10,2139052.1699999995
2020-01-11,2138984.6499999994
2020-01-12,2140415.0499999993
2020-01-13,2137023.8799999994
2020-01-14,2130230.2199999993
2020-01-15,2236308.479999999
2020-01-16,2235198.329999999
2020-01-17,2234822.649999999
2020-01-18,2234822.649999999
2020-01-19,2234822.649999999
2020-01-20,2314111.629999999
2020-01-21,2314321.549999999
2020-01-22,2314333.479999999
2020-01-23,2314358.239999999
2020-01-24,2314358.239999999
2020-01-25,2363614.239999999
2020-01-26,2371614.239999999
2020-01-27,2364969.0999999987
2020-01-28,2367303.0999999987
2020-01-29,2362775.7299999986
2020-01-30,2365334.8799999985
2020-01-31,2369019.1099999985
2020-02-01,2369019.1099999985
2020-02-02,2369019.1099999985
2020-02-03,2368635.8299999987
2020-02-04,2371853.8699999987
2020-02-05,2371933.8699999987
2020-02-06,2371942.8999999985
2020-02-07,2373146.9699999983
2020-02-08,2373146.9699999983
2020-02-09,2373146.9699999983
2020-02-10,2369960.1899999985
2020-02-11,2372755.1899999985
2020-02-12,2373016.4699999983
2020-02-13,2366272.4699999983
2020-02-14,2470804.829999998
2020-02-15,2471285.829999998
2020-02-16,2471285.829999998
2020-02-17,2470518.809999998
2020-02-18,2465266.789999998
2020-02-19,2465276.319999998
2020-02-20,2465286.429999998
2020-02-21,2465160.9799999977
2020-02-22,2465160.9799999977
2020-02-23,2465160.9799999977
2020-02-24,2512107.719999998
2020-02-25,2519121.919999998
2020-02-26,2521691.939999998
2020-02-27,2521732.699999998
2020-02-28,2516882.0799999977
2020-02-29,2516882.0799999977
2020-03-01,2524382.0799999977
2020-03-02,2525875.739999998
2020-03-03,2521458.389999998
2020-03-04,2523153.889999998
2020-03-05,2522283.889999998
2020-03-06,2522283.889999998
2020-03-07,2522283.889999998
2020-03-08,2522283.889999998
2020-03-09,2519313.259999998
2020-03-10,2519313.259999998
2020-03-11,2518467.669999998
2020-03-12,2516944.279999998
2020-03-13,2506094.379999998
2020-03-14,2499350.379999998
2020-03-15,2608950.379999998
2020-03-16,2613947.229999998
2020-03-17,2584792.319999998
2020-03-18,2584592.319999998
2020-03-19,2584595.679999998
2020-03-20,2580612.679999998
2020-03-21,2580612.679999998
2020-03-22,2580612.679999998
2020-03-23,2579794.9799999977
2020-03-24,2580050.639999998
2020-03-25,2622004.3499999978
2020-03-26,2622387.1899999976
2020-03-27,2619930.7999999975
2020-03-28,2619307.0099999974
2020-03-29,2619389.4299999974
2020-03-30,2616786.5099999974
2020-03-31,2621054.3999999976
2020-04-01,2623002.1699999976
2020-04-02,2623051.2899999977
2020-04-03,2623581.909999998
2020-04-04,2623657.509999998
2020-04-05,2623686.8099999977
2020-04-06,2621770.1899999976
2020-04-07,2622007.3599999975
2020-04-08,2622106.0699999975
2020-04-09,2621844.6499999976
2020-04-10,2621801.3099999977
2020-04-11,2623238.4799999977
2020-04-12,2623499.0499999975
2020-04-13,2612898.5699999975
2020-04-14,2722498.5699999975
2020-04-15,2699761.3199999975
2020-04-16,2702170.5399999977
2020-04-17,2701148.6299999976
2020-04-18,2701163.3499999978
2020-04-19,2701407.929999998
2020-04-20,2704133.839999998
2020-04-21,2704207.639999998
2020-04-22,2703308.109999998
2020-04-23,2702956.099999998
2020-04-24,2751805.809999998
2020-04-25,2756889.579999998
2020-04-26,2759271.229999998
2020-04-27,2744454.459999998
2020-04-28,2744598.899999998
2020-04-29,2744598.899999998
2020-04-30,2747466.709999998
2020-05-01,2749113.719999998
2020-05-02,2749047.0399999977
2020-05-03,2749086.029999998
2020-05-04,2749505.389999998
2020-05-05,2749681.529999998
2020-05-06,2749684.909999998
2020-05-07,2749699.859999998
2020-05-08,2749814.889999998
2020-05-09,2749849.9199999976
2020-05-10,2749776.9199999976
2020-05-11,2751346.7199999974
2020-05-12,2751620.5399999972
2020-05-13,2743333.0799999973
2020-05-14,2862575.4099999974
2020-05-15,2852741.6799999974
2020-05-16,2852081.5599999973
2020-05-17,2852229.959999997
2020-05-18,2852235.749999997
2020-05-19,3006068.0999999973
2020-05-20,3006862.1199999973
2020-05-21,3006632.2799999975
2020-05-22,3006656.1299999976
2020-05-23,3006724.2299999977
2020-05-24,3058985.2899999977
2020-05-25,3068097.1899999976
2020-05-26,3068183.3299999977
2020-05-27,3070692.929999998
2020-05-28,3070927.179999998
2020-05-29,3065514.759999998
2020-05-30,3074255.399999998
2020-05-31,3073954.399999998
2020-06-01,3069870.089999998
2020-06-02,3070039.939999998
2020-06-03,3073561.309999998
2020-06-04,3073994.169999998
2020-06-05,3074036.979999998
2020-06-06,3073803.749999998
2020-06-07,3073761.229999998
2020-06-08,3074395.289999998
2020-06-09,3074362.599999998
2020-06-10,3075934.3399999985
2020-06-11,3077710.0799999987
2020-06-12,3071120.3099999987
2020-06-13,3181001.3899999987
2020-06-14,3181010.7099999986
2020-06-15,3178515.6299999985
2020-06-16,3177168.3099999987
2020-06-17,3177187.1699999985
2020-06-18,3176642.7599999984
2020-06-19,3178234.3699999982
2020-06-20,3178298.099999998
2020-06-21,3178264.099999998
2020-06-22,3178306.039999998
2020-06-23,3227595.849999998
2020-06-24,3235628.039999998
2020-06-25,3234980.1599999983
2020-06-26,3237402.1999999983
2020-06-27,3237814.6799999983
2020-06-28,3235314.6799999983
2020-06-29,3244136.689999998
2020-06-30,3237361.549999998
2020-07-01,3237459.489999998
2020-07-02,3239759.2499999977
2020-07-03,3237582.5599999977
2020-07-04,3237583.5599999977
2020-07-05,3238517.139999998
2020-07-06,3239960.369999998
2020-07-07,3239975.319999998
2020-07-08,3240079.529999998
2020-07-09,3240646.699999998
2020-07-10,3242037.0999999978
2020-07-11,3242298.3799999976
2020-07-12,3235496.9799999977
2020-07-13,3345122.2299999977
2020-07-14,3346317.5599999977
2020-07-15,3343284.949999998
2020-07-16,3343966.0399999977
2020-07-17,3344893.989999998
2020-07-18,3344913.7699999977
2020-07-19,3344885.989999998
2020-07-20,3346659.609999998
2020-07-21,3346716.599999998
2020-07-22,3346396.849999998
2020-07-23,3395709.109999998
2020-07-24,3403781.369999998
2020-07-25,3403835.7099999976
2020-07-26,3403906.0599999977
2020-07-27,3409013.759999998
2020-07-28,3408776.729999998
2020-07-29,3416815.8699999982
2020-07-30,3416815.8699999982
2020-07-31,3414905.459999998
2020-08-01,3409637.999999998
2020-08-02,3410495.129999998
2020-08-03,3416198.039999998
2020-08-04,3413843.629999998
2020-08-05,3412260.729999998
2020-08-06,3413544.879999998
2020-08-07,3415193.539999998
2020-08-08,3415207.289999998
2020-08-09,3416437.689999998
2020-08-10,3417003.849999998
2020-08-11,3410296.0899999985
2020-08-12,3519961.1899999985
2020-08-13,3520298.5899999985
2020-08-14,3517081.3599999985
2020-08-15,3517038.7899999986
2020-08-16,3517050.0699999984
2020-08-17,3515479.7899999986
2020-08-18,3514340.6599999988
2020-08-19,3514309.069999999
2020-08-20,3514385.009999999
2020-08-21,3514720.669999999
2020-08-22,3564026.129999999
2020-08-23,3571896.079999999
2020-08-24,3572099.6999999993
2020-08-25,3568910.7399999993
2020-08-26,3569414.349999999
2020-08-27,3572197.379999999
2020-08-28,3580262.379999999
2020-08-29,3579443.359999999
2020-08-30,3579782.779999999
2020-08-31,3577962.129999999
2020-09-01,3525535.859999999
2020-09-02,3525660.279999999
2020-09-03,3525937.5999999987
2020-09-04,3523946.819999999
2020-09-05,3521303.939999999
2020-09-06,3521318.889999999
2020-09-07,3521487.6799999992
2020-09-08,3523007.479999999
2020-09-09,3523285.089999999
2020-09-10,3516204.029999999
2020-09-11,3639619.459999999
2020-09-12,3640181.829999999
2020-09-13,3640275.879999999
2020-09-14,3643543.069999999
2020-09-15,3640352.109999999
2020-09-16,3640361.099999999
2020-09-17,3639101.099999999
2020-09-18,3638678.849999999
2020-09-19,3638402.399999999
2020-09-20,3638775.619999999
2020-09-21,3658554.6099999994
2020-09-22,3668484.2599999993
2020-09-23,3668024.8799999994
2020-09-24,3668224.8799999994
2020-09-25,3668399.1899999995
2020-09-26,3668399.1899999995
2020-09-27,3677399.1899999995
2020-09-28,3677461.0599999996
2020-09-29,3677461.0599999996
2020-09-30,3677465.0399999996
2020-10-01,3677483.8199999994
2020-10-02,3677502.599999999
2020-10-03,3677421.599999999
2020-10-04,3677421.599999999
2020-10-05,3675381.599999999
2020-10-06,3726176.7399999993
2020-10-07,3726100.7799999993
2020-10-08,3727709.9799999995
2020-10-09,3728003.9199999995
2020-10-10,3720416.9199999995
2020-10-11,3843716.9199999995
2020-10-12,3844289.1199999996
2020-10-13,3844413.9399999995
2020-10-14,3845713.8499999996
2020-10-15,3845713.8499999996
2020-10-16,3844158.8499999996
2020-10-17,3844158.8499999996
2020-10-18,3844158.8499999996
2020-10-19,3844216.09
2020-10-20,3845660.09
2020-10-21,3901073.09
2020-10-22,3910078.69
2020-10-23,3910084.29
2020-10-24,3910084.29
2020-10-25,3910270.86
2020-10-26,3910351.79
2020-10-27,3918851.79
2020-10-28,3918851.79
2020-10-29,3918851.79
2020-10-30,3918868.27
2020-10-31,3918781.27
2020-11-01,3918781.27
2020-11-02,3916179.27
2020-11-03,3917623.27
2020-11-04,3917623.27
2020-11-05,3917623.27
2020-11-06,3917551.53
2020-11-07,3918892.53
2020-11-08,3919137.48
2020-11-09,3913318.78
2020-11-10,4016068.78
2020-11-11,4016524.78
2020-11-12,4016524.78
2020-11-13,4015508.8099999996
2020-11-14,4015508.8099999996
2020-11-15,4015508.8099999996
2020-11-16,4016034.3399999994
2020-11-17,4017478.3399999994
2020-11-18,4016964.6899999995
2020-11-19,4016964.6899999995
2020-11-20,4050828.1899999995
2020-11-21,4052828.1899999995
2020-11-22,4052828.1899999995
2020-11-23,4052868.8999999994
2020-11-24,4052894.2199999993
2020-11-25,4052894.2199999993
2020-11-26,4054954.309999999
2020-11-27,4054954.309999999
2020-11-28,4054954.309999999
2020-11-29,4054954.309999999
2020-11-30,4052545.289999999
2020-12-01,4054547.729999999
2020-12-02,4053982.729999999
2020-12-03,4053982.729999999
2020-12-04,4054080.579999999
2020-12-05,4054080.579999999
2020-12-06,4054063.6999999993
2020-12-07,4054436.249999999
2020-12-08,4055007.789999999
2020-12-09,4053321.789999999
2020-12-10,4080721.789999999
2020-12-11,4080843.389999999
2020-12-12,4080913.209999999
2020-12-13,4080833.209999999
2020-12-14,4081363.9499999993
2020-12-15,4077969.3999999994
2020-12-16,4078509.3999999994
2020-12-17,4077353.6399999997
2020-12-18,4077495.8699999996
2020-12-19,4077495.8699999996
2020-12-20,4089809.8699999996
2020-12-21,4092530.3
2020-12-22,4092530.3
2020-12-23,4090986.7199999997
2020-12-24,4092593.71
2020-12-25,4092567.26
2020-12-26,4094067.26
2020-12-27,4094133.7699999996
2020-12-28,4094179.1199999996
2020-12-29,4094830.78
2020-12-30,4094947.5399999996
2020-12-31,4094951.5199999996
2021-01-01,4094778.7399999998
2021-01-02,4094572.82
2021-01-03,4094572.82
2021-01-04,4100161.67
2021-01-05,4100149.01
2021-01-06,4101690.0599999996
2021-01-07,4102564.9299999997
2021-01-08,4101320.4299999997
2021-01-09,4121872.28
2021-01-10,4121963.48
2021-01-11,4124693.69
2021-01-12,4124737.2199999997
2021-01-13,4125227.4699999997
2021-01-14,4125051.7199999997
2021-01-15,4121783.3499999996
2021-01-16,4121985.0599999996
2021-01-17,4121985.0599999996
2021-01-18,4121372.9299999997
2021-01-19,4130678.13
2021-01-20,4131812.19
2021-01-21,4131834.78
2021-01-22,4131864.78
2021-01-23,4131940.52
2021-01-24,4131940.52
2021-01-25,4134434.56
2021-01-26,4134511.06
2021-01-27,4135878.56
2021-01-28,4135928.8000000003
2021-01-29,4132986.2600000002
2021-01-30,4132063.7600000002
2021-01-31,4132333.6900000004
2021-02-01,4126906.1600000006
2021-02-02,4127026.4200000004
2021-02-03,4127035.6300000004
2021-02-04,4127022.97
2021-02-05,4127291.1700000004
2021-02-06,4127340.1600000006
2021-02-07,4126075.6600000006
2021-02-08,4146625.6600000006
